factor_data_view,factor_model,factor_prompt_template,factor_temperature,mean_input_token_count,mean_output_token_count,mean_schema_completeness,mean_total_duration_seconds,mean_total_token_count,mean_wall_clock_seconds,n_runs
stim_summary,deepseek_v3_1,prompts/stim_paradigm_anova.md,1.0,1179.0,972.666667,1.0,,2151.666667,22.133779,3
stim_and_mouse_summary,qwen3_5_9b,prompts/stim_paradigm_predictive.md,0.0,6274.666667,1174.333333,1.0,,7449.0,28.634093,3
summary_only,deepseek_v3_1,prompts/stim_paradigm_anova.md,1.0,961.0,533.666667,1.0,,1494.666667,10.893796,3
stim_summary,deepseek_v3_1,prompts/stim_paradigm_predictive.md,0.75,1247.0,541.0,1.0,,1788.0,12.572848,3
stim_and_mouse_summary,qwen3_5_9b,prompts/stim_paradigm_anova.md,0.75,6217.0,1259.666667,1.0,,7476.666667,24.780071,3
stim_and_mouse_summary,qwen3_5_9b,prompts/stim_paradigm_anova.md,1.0,6216.0,1195.666667,1.0,,7411.666667,28.594144,3
summary_only,qwen3_5_9b,prompts/stim_paradigm_basic.md,1.0,1073.0,918.666667,1.0,,1991.666667,21.169121,3
stim_and_mouse_summary,deepseek_v3_1,prompts/stim_paradigm_anova.md,0.0,4083.0,571.0,1.0,,4654.0,14.280461,3
summary_only,kimi,prompts/stim_paradigm_anova.md,0.5,947.0,1213.666667,1.0,,2160.666667,23.462896,3
stim_and_mouse_summary,deepseek_v3_1,prompts/stim_paradigm_basic.md,0.75,4034.0,1042.0,1.0,,5076.0,24.454608,3
stim_and_mouse_summary,qwen3_5_9b,prompts/stim_paradigm_predictive.md,0.5,6275.0,1395.0,1.0,,7670.0,58.994146,3
stim_and_mouse_summary,kimi,prompts/stim_paradigm_basic.md,0.5,3973.0,1262.666667,1.0,,5235.666667,37.770153,3
summary_only,kimi,prompts/stim_paradigm_predictive.md,1.0,1003.0,1457.0,1.0,,2460.0,73.810236,3
stim_summary,kimi,prompts/stim_paradigm_basic.md,0.25,1109.0,1117.666667,1.0,,2226.666667,26.284745,3
stim_summary,qwen3_5_9b,prompts/stim_paradigm_anova.md,1.0,1453.0,1165.0,1.0,,2618.0,20.614627,3
summary_only,kimi,prompts/stim_paradigm_basic.md,0.5,895.0,1054.666667,1.0,,1949.666667,27.794026,3
summary_only,kimi,prompts/stim_paradigm_anova.md,0.0,947.0,1315.333333,1.0,,2262.333333,78.548725,3
stim_and_mouse_summary,deepseek_v3_1,prompts/stim_paradigm_predictive.md,1.0,4151.0,964.666667,1.0,,5115.666667,21.295828,3
stim_summary,kimi,prompts/stim_paradigm_anova.md,0.25,1161.0,1470.333333,1.0,,2631.333333,20.684477,3
stim_summary,qwen3_5_9b,prompts/stim_paradigm_basic.md,0.5,1400.0,1002.333333,1.0,,2402.333333,16.81611,3
stim_and_mouse_summary,kimi,prompts/stim_paradigm_anova.md,1.0,4025.0,1559.333333,1.0,,5584.333333,24.146901,3
stim_summary,qwen3_5_9b,prompts/stim_paradigm_predictive.md,0.0,1511.666667,1151.666667,1.0,,2663.333333,27.246292,3
summary_only,qwen3_5_9b,prompts/stim_paradigm_basic.md,0.75,1074.0,913.0,1.0,,1987.0,16.901412,3
summary_only,deepseek_v3_1,prompts/stim_paradigm_predictive.md,0.75,1029.0,1373.333333,1.0,,2402.333333,35.849507,3
stim_and_mouse_summary,deepseek_v3_1,prompts/stim_paradigm_anova.md,1.0,4083.0,671.333333,1.0,,4754.333333,12.523501,3
stim_and_mouse_summary,kimi,prompts/stim_paradigm_basic.md,1.0,3973.0,1164.666667,1.0,,5137.666667,21.293219,3
stim_and_mouse_summary,kimi,prompts/stim_paradigm_anova.md,0.0,4025.0,1392.333333,1.0,,5417.333333,60.723392,3
summary_only,deepseek_v3_1,prompts/stim_paradigm_anova.md,0.0,961.0,1370.0,1.0,,2331.0,33.332782,3
summary_only,kimi,prompts/stim_paradigm_basic.md,0.25,895.0,952.666667,1.0,,1847.666667,11.969479,3
stim_and_mouse_summary,qwen3_5_9b,prompts/stim_paradigm_predictive.md,0.25,6276.0,1144.333333,1.0,,7420.333333,28.190239,3
summary_only,kimi,prompts/stim_paradigm_predictive.md,0.0,1003.0,1343.0,1.0,,2346.0,22.321512,3
stim_summary,kimi,prompts/stim_paradigm_basic.md,0.75,1109.0,1189.666667,1.0,,2298.666667,16.752879,3
stim_summary,deepseek_v3_1,prompts/stim_paradigm_anova.md,0.25,1179.0,458.666667,1.0,,1637.666667,8.138571,3
summary_only,deepseek_v3_1,prompts/stim_paradigm_anova.md,0.25,961.0,919.0,1.0,,1880.0,25.450405,3
summary_only,qwen3_5_9b,prompts/stim_paradigm_basic.md,0.0,1072.666667,1023.0,1.0,,2095.666667,18.363366,3
stim_summary,deepseek_v3_1,prompts/stim_paradigm_basic.md,0.25,1130.0,619.333333,1.0,,1749.333333,10.592298,3
stim_and_mouse_summary,deepseek_v3_1,prompts/stim_paradigm_basic.md,1.0,4034.0,657.666667,1.0,,4691.666667,16.161339,3
summary_only,deepseek_v3_1,prompts/stim_paradigm_predictive.md,0.25,1029.0,1390.666667,1.0,,2419.666667,37.661599,3
summary_only,deepseek_v3_1,prompts/stim_paradigm_basic.md,0.75,912.0,953.333333,1.0,,1865.333333,23.349247,3
summary_only,deepseek_v3_1,prompts/stim_paradigm_basic.md,0.0,912.0,917.666667,1.0,,1829.666667,19.45938,3
stim_and_mouse_summary,deepseek_v3_1,prompts/stim_paradigm_anova.md,0.25,4083.0,589.666667,1.0,,4672.666667,14.815005,3
stim_summary,deepseek_v3_1,prompts/stim_paradigm_basic.md,0.5,1130.0,970.666667,1.0,,2100.666667,25.282399,3
summary_only,qwen3_5_9b,prompts/stim_paradigm_predictive.md,0.0,1184.666667,1123.0,1.0,,2307.666667,27.001677,3
stim_summary,qwen3_5_9b,prompts/stim_paradigm_predictive.md,0.5,1512.0,1374.666667,1.0,,2886.666667,62.018997,3
stim_summary,kimi,prompts/stim_paradigm_anova.md,1.0,1161.0,1417.0,1.0,,2578.0,43.536526,3
stim_and_mouse_summary,deepseek_v3_1,prompts/stim_paradigm_predictive.md,0.0,4151.0,497.0,1.0,,4648.0,12.186753,3
stim_summary,kimi,prompts/stim_paradigm_anova.md,0.0,1161.0,1444.333333,1.0,,2605.333333,28.218347,3
stim_and_mouse_summary,qwen3_5_9b,prompts/stim_paradigm_predictive.md,0.75,6276.0,1366.333333,1.0,,7642.333333,29.976451,3
stim_summary,deepseek_v3_1,prompts/stim_paradigm_basic.md,0.0,1130.0,991.666667,1.0,,2121.666667,20.660455,3
stim_summary,qwen3_5_9b,prompts/stim_paradigm_basic.md,0.0,1399.666667,960.666667,1.0,,2360.333333,22.847344,3
stim_and_mouse_summary,qwen3_5_9b,prompts/stim_paradigm_predictive.md,1.0,6275.0,1459.333333,1.0,,7734.333333,44.428387,3
stim_summary,deepseek_v3_1,prompts/stim_paradigm_predictive.md,0.0,1247.0,502.333333,1.0,,1749.333333,12.368319,3
summary_only,kimi,prompts/stim_paradigm_predictive.md,0.25,1003.0,1340.666667,1.0,,2343.666667,25.145047,3
stim_summary,deepseek_v3_1,prompts/stim_paradigm_basic.md,0.75,1130.0,578.333333,1.0,,1708.333333,12.689196,3
stim_and_mouse_summary,deepseek_v3_1,prompts/stim_paradigm_predictive.md,0.25,4151.0,546.0,1.0,,4697.0,12.782397,3
summary_only,qwen3_5_9b,prompts/stim_paradigm_basic.md,0.25,1074.0,1019.333333,1.0,,2093.333333,25.450197,3
summary_only,qwen3_5_9b,prompts/stim_paradigm_anova.md,0.75,1127.0,1066.333333,1.0,,2193.333333,18.379563,3
stim_summary,deepseek_v3_1,prompts/stim_paradigm_basic.md,1.0,1130.0,598.0,1.0,,1728.0,10.890976,3
stim_summary,qwen3_5_9b,prompts/stim_paradigm_predictive.md,1.0,1512.0,1375.666667,1.0,,2887.666667,36.900343,3
stim_summary,deepseek_v3_1,prompts/stim_paradigm_anova.md,0.0,1179.0,907.0,1.0,,2086.0,19.905075,3
summary_only,qwen3_5_9b,prompts/stim_paradigm_predictive.md,0.25,1186.0,1234.666667,1.0,,2420.666667,29.464194,3
summary_only,deepseek_v3_1,prompts/stim_paradigm_anova.md,0.5,961.0,466.0,1.0,,1427.0,6.109044,3
stim_and_mouse_summary,qwen3_5_9b,prompts/stim_paradigm_basic.md,0.75,6164.0,1069.333333,1.0,,7233.333333,32.936206,3
summary_only,kimi,prompts/stim_paradigm_basic.md,0.75,895.0,1014.333333,1.0,,1909.333333,31.695823,3
summary_only,qwen3_5_9b,prompts/stim_paradigm_predictive.md,0.5,1185.0,1166.0,1.0,,2351.0,16.178012,3
summary_only,qwen3_5_9b,prompts/stim_paradigm_anova.md,0.25,1127.0,1115.333333,1.0,,2242.333333,20.175334,3
stim_summary,kimi,prompts/stim_paradigm_anova.md,0.5,1161.0,1519.333333,1.0,,2680.333333,48.213608,3
stim_and_mouse_summary,kimi,prompts/stim_paradigm_basic.md,0.0,3973.0,1215.666667,1.0,,5188.666667,28.096376,3
summary_only,qwen3_5_9b,prompts/stim_paradigm_predictive.md,1.0,1185.0,1368.333333,1.0,,2553.333333,22.581315,3
stim_summary,kimi,prompts/stim_paradigm_predictive.md,0.0,1217.0,1479.0,1.0,,2696.0,23.873798,3
summary_only,qwen3_5_9b,prompts/stim_paradigm_anova.md,1.0,1126.0,1150.0,1.0,,2276.0,21.758711,3
summary_only,kimi,prompts/stim_paradigm_anova.md,0.25,947.0,1321.666667,1.0,,2268.666667,21.65611,3
stim_summary,kimi,prompts/stim_paradigm_basic.md,0.0,1109.0,1084.0,1.0,,2193.0,15.252841,3
stim_summary,deepseek_v3_1,prompts/stim_paradigm_predictive.md,0.25,1247.0,883.333333,1.0,,2130.333333,23.669339,3
stim_and_mouse_summary,qwen3_5_9b,prompts/stim_paradigm_basic.md,1.0,6163.0,1076.666667,1.0,,7239.666667,20.407642,3
summary_only,kimi,prompts/stim_paradigm_anova.md,1.0,947.0,1248.0,1.0,,2195.0,33.334641,3
summary_only,kimi,prompts/stim_paradigm_predictive.md,0.75,1003.0,1299.333333,1.0,,2302.333333,52.181751,3
stim_and_mouse_summary,kimi,prompts/stim_paradigm_basic.md,0.75,3973.0,1340.666667,1.0,,5313.666667,40.254062,3
stim_summary,qwen3_5_9b,prompts/stim_paradigm_predictive.md,0.75,1513.0,1318.0,1.0,,2831.0,30.491357,3
stim_summary,kimi,prompts/stim_paradigm_basic.md,1.0,1109.0,1244.333333,1.0,,2353.333333,26.143034,3
stim_and_mouse_summary,kimi,prompts/stim_paradigm_predictive.md,0.5,4081.0,1607.666667,1.0,,5688.666667,28.429745,3
summary_only,deepseek_v3_1,prompts/stim_paradigm_basic.md,0.25,912.0,902.0,1.0,,1814.0,23.50082,3
stim_summary,kimi,prompts/stim_paradigm_basic.md,0.5,1109.0,1062.333333,1.0,,2171.333333,23.617222,3
stim_and_mouse_summary,kimi,prompts/stim_paradigm_basic.md,0.25,3973.0,1267.333333,1.0,,5240.333333,16.336641,3
stim_and_mouse_summary,qwen3_5_9b,prompts/stim_paradigm_anova.md,0.25,6217.0,1303.333333,1.0,,7520.333333,24.148334,3
stim_and_mouse_summary,qwen3_5_9b,prompts/stim_paradigm_anova.md,0.0,6215.666667,1088.0,1.0,,7303.666667,24.705778,3
stim_summary,qwen3_5_9b,prompts/stim_paradigm_anova.md,0.25,1454.0,1121.666667,1.0,,2575.666667,19.81482,3
stim_and_mouse_summary,qwen3_5_9b,prompts/stim_paradigm_basic.md,0.0,6162.666667,994.0,1.0,,7156.666667,17.118504,3
summary_only,deepseek_v3_1,prompts/stim_paradigm_basic.md,1.0,912.0,521.0,1.0,,1433.0,13.220124,3
stim_summary,qwen3_5_9b,prompts/stim_paradigm_basic.md,0.75,1401.0,928.666667,1.0,,2329.666667,29.976638,3
stim_summary,deepseek_v3_1,prompts/stim_paradigm_anova.md,0.5,1179.0,473.333333,1.0,,1652.333333,10.912789,3
stim_and_mouse_summary,deepseek_v3_1,prompts/stim_paradigm_anova.md,0.5,4083.0,494.333333,1.0,,4577.333333,12.550458,3
stim_and_mouse_summary,kimi,prompts/stim_paradigm_predictive.md,0.0,4081.0,1348.666667,1.0,,5429.666667,45.238118,3
stim_and_mouse_summary,deepseek_v3_1,prompts/stim_paradigm_basic.md,0.5,4034.0,1028.333333,1.0,,5062.333333,24.709952,3
stim_and_mouse_summary,kimi,prompts/stim_paradigm_predictive.md,0.25,4081.0,1373.333333,1.0,,5454.333333,34.527054,3
stim_and_mouse_summary,kimi,prompts/stim_paradigm_predictive.md,0.75,4081.0,1663.333333,1.0,,5744.333333,83.75947,3
summary_only,kimi,prompts/stim_paradigm_predictive.md,0.5,1003.0,1244.333333,1.0,,2247.333333,24.673504,3
stim_summary,qwen3_5_9b,prompts/stim_paradigm_basic.md,0.25,1401.0,984.666667,1.0,,2385.666667,24.916591,3
stim_summary,qwen3_5_9b,prompts/stim_paradigm_anova.md,0.5,1453.0,1320.666667,1.0,,2773.666667,32.982056,3
stim_and_mouse_summary,deepseek_v3_1,prompts/stim_paradigm_anova.md,0.75,4083.0,1037.666667,1.0,,5120.666667,23.297884,3
stim_and_mouse_summary,kimi,prompts/stim_paradigm_anova.md,0.75,4025.0,1543.333333,1.0,,5568.333333,38.941726,3
stim_and_mouse_summary,kimi,prompts/stim_paradigm_anova.md,0.5,4025.0,1413.666667,1.0,,5438.666667,25.992767,3
summary_only,qwen3_5_9b,prompts/stim_paradigm_basic.md,0.5,1073.0,914.666667,1.0,,1987.666667,34.979685,3
summary_only,kimi,prompts/stim_paradigm_anova.md,0.75,947.0,1204.333333,1.0,,2151.333333,67.296077,3
stim_summary,qwen3_5_9b,prompts/stim_paradigm_anova.md,0.0,1452.666667,1153.666667,1.0,,2606.333333,20.722913,3
summary_only,deepseek_v3_1,prompts/stim_paradigm_basic.md,0.5,912.0,550.666667,1.0,,1462.666667,14.22781,3
stim_summary,qwen3_5_9b,prompts/stim_paradigm_predictive.md,0.25,1513.0,1161.333333,1.0,,2674.333333,29.670856,3
stim_summary,deepseek_v3_1,prompts/stim_paradigm_predictive.md,0.5,1247.0,932.333333,1.0,,2179.333333,23.985786,3
stim_summary,deepseek_v3_1,prompts/stim_paradigm_anova.md,0.75,1179.0,528.0,1.0,,1707.0,12.604319,3
stim_summary,kimi,prompts/stim_paradigm_predictive.md,0.25,1217.0,1417.666667,1.0,,2634.666667,108.730656,3
stim_summary,qwen3_5_9b,prompts/stim_paradigm_anova.md,0.75,1454.0,1246.0,1.0,,2700.0,70.469423,3
stim_summary,kimi,prompts/stim_paradigm_anova.md,0.75,1161.0,1352.333333,1.0,,2513.333333,14.417463,3
summary_only,qwen3_5_9b,prompts/stim_paradigm_anova.md,0.5,1126.0,1178.666667,1.0,,2304.666667,24.864865,3
summary_only,qwen3_5_9b,prompts/stim_paradigm_predictive.md,0.75,1186.0,1011.333333,1.0,,2197.333333,24.482945,3
stim_summary,kimi,prompts/stim_paradigm_predictive.md,0.75,1217.0,1458.333333,1.0,,2675.333333,27.300543,3
summary_only,deepseek_v3_1,prompts/stim_paradigm_predictive.md,1.0,1029.0,940.333333,1.0,,1969.333333,22.613249,3
stim_and_mouse_summary,kimi,prompts/stim_paradigm_anova.md,0.25,4025.0,1655.0,1.0,,5680.0,54.898982,3
summary_only,kimi,prompts/stim_paradigm_basic.md,1.0,895.0,1020.0,1.0,,1915.0,42.534475,3
summary_only,deepseek_v3_1,prompts/stim_paradigm_anova.md,0.75,961.0,945.666667,1.0,,1906.666667,26.382071,3
stim_summary,deepseek_v3_1,prompts/stim_paradigm_predictive.md,1.0,1247.0,903.666667,1.0,,2150.666667,22.359049,3
stim_and_mouse_summary,qwen3_5_9b,prompts/stim_paradigm_basic.md,0.25,6164.0,1112.666667,1.0,,7276.666667,23.314492,3
stim_and_mouse_summary,qwen3_5_9b,prompts/stim_paradigm_basic.md,0.5,6163.0,1048.333333,1.0,,7211.333333,26.351058,3
stim_summary,qwen3_5_9b,prompts/stim_paradigm_basic.md,1.0,1400.0,913.0,1.0,,2313.0,14.623006,3
summary_only,deepseek_v3_1,prompts/stim_paradigm_predictive.md,0.5,1029.0,490.0,1.0,,1519.0,7.782281,3
summary_only,qwen3_5_9b,prompts/stim_paradigm_anova.md,0.0,1125.666667,1079.333333,1.0,,2205.0,31.196813,3
stim_summary,kimi,prompts/stim_paradigm_predictive.md,0.5,1217.0,1436.666667,1.0,,2653.666667,57.405507,3
summary_only,kimi,prompts/stim_paradigm_basic.md,0.0,895.0,985.666667,1.0,,1880.666667,23.882704,3
stim_and_mouse_summary,deepseek_v3_1,prompts/stim_paradigm_predictive.md,0.5,4151.0,509.333333,1.0,,4660.333333,12.287662,3
stim_and_mouse_summary,deepseek_v3_1,prompts/stim_paradigm_basic.md,0.0,4034.0,667.666667,1.0,,4701.666667,11.48784,3
stim_and_mouse_summary,qwen3_5_9b,prompts/stim_paradigm_anova.md,0.5,6216.0,1128.666667,1.0,,7344.666667,37.102423,3
stim_and_mouse_summary,kimi,prompts/stim_paradigm_predictive.md,1.0,4081.0,1779.333333,1.0,,5860.333333,34.909654,3
stim_summary,kimi,prompts/stim_paradigm_predictive.md,1.0,1217.0,1518.0,1.0,,2735.0,108.037651,3
stim_and_mouse_summary,deepseek_v3_1,prompts/stim_paradigm_predictive.md,0.75,4151.0,917.0,1.0,,5068.0,24.956763,3
stim_and_mouse_summary,deepseek_v3_1,prompts/stim_paradigm_basic.md,0.25,4034.0,663.0,1.0,,4697.0,11.873196,3
summary_only,deepseek_v3_1,prompts/stim_paradigm_predictive.md,0.0,1029.0,504.0,1.0,,1533.0,8.050715,3
